Time (s),I (mA); w = 100,I (mA); w = 225,I (mA); w = 400,I (mA); w = 625,I (mA); w = 900,I (mA); w = 1225,I (mA); w = 1600
0,0.005,-0.01,0,-0.005,-0.005,0,-0.01
0.02,-0.01,0,-0.01,-0.01,-0.005,-0.01,-0.005
0.039,0,-0.005,-0.005,-0.005,-0.005,-0.005,-0.015
0.059,-0.01,-0.005,-0.005,-0.005,-0.005,-0.015,0
0.078,-0.005,-0.01,0,-0.01,-0.005,0,-0.01
0.098,-0.01,-0.005,-0.01,-0.01,-0.005,-0.01,-0.015
0.117,0,-0.01,-0.005,-0.005,-0.005,-0.01,-0.015
0.137,-0.01,-0.005,-0.005,-0.005,-0.01,-0.01,-0.01
0.156,-0.005,0.005,-0.005,-0.005,-0.015,-0.02,-0.02
0.176,0,-0.005,-0.01,-0.01,-0.015,-0.02,-0.024
0.195,-0.005,-0.005,-0.005,-0.01,-0.015,-0.034,-0.02
0.215,-0.01,-0.01,-0.01,-0.02,-0.01,-0.015,-0.024
0.234,-0.015,0,-0.01,-0.01,-0.02,-0.024,-0.02
0.254,-0.005,-0.005,-0.01,-0.015,-0.015,-0.02,-0.024
0.273,0,-0.005,-0.015,-0.01,-0.024,-0.024,-0.024
0.293,-0.005,-0.01,-0.005,-0.02,-0.01,-0.024,-0.024
0.312,-0.01,-0.01,-0.01,-0.015,-0.024,-0.024,-0.02
0.332,-0.005,-0.005,-0.01,-0.024,-0.015,-0.015,-0.02
0.352,-0.005,0,-0.01,-0.01,-0.024,-0.024,-0.02
0.371,0,-0.005,-0.015,-0.02,-0.015,-0.024,-0.029
0.391,-0.005,-0.005,-0.024,-0.015,-0.024,-0.029,-0.029
0.41,-0.005,-0.015,-0.01,-0.024,-0.01,-0.024,-0.024
0.43,-0.01,-0.01,-0.015,-0.015,-0.024,-0.024,-0.015
0.449,-0.005,-0.015,-0.01,-0.02,-0.015,-0.015,-0.024
0.469,-0.005,0,-0.015,-0.01,-0.02,-0.029,-0.02
0.488,0,-0.015,-0.015,-0.02,-0.02,-0.02,-0.034
0.508,-0.005,-0.005,-0.024,-0.015,-0.024,-0.029,-0.015
0.527,-0.005,-0.015,-0.01,-0.024,-0.015,-0.015,-0.029
0.547,-0.01,0,-0.02,-0.02,-0.02,-0.024,-0.02
0.566,0,-0.015,-0.005,-0.02,-0.02,-0.02,-0.029
0.586,-0.005,-0.005,-0.02,-0.02,-0.015,-0.029,-0.02
0.605,0,-0.02,-0.02,-0.02,-0.024,-0.02,-0.029
0.625,-0.01,-0.005,-0.02,-0.02,-0.024,-0.029,-0.015
0.645,0,-0.015,-0.005,-0.015,-0.024,-0.015,-0.029
0.664,-0.005,-0.005,-0.02,-0.024,-0.015,-0.029,-0.024
0.684,0,-0.015,-0.015,-0.02,-0.024,-0.02,-0.029
0.703,-0.01,-0.01,-0.024,-0.024,-0.024,-0.024,-0.02
0.723,-0.005,-0.01,-0.015,-0.02,-0.029,-0.024,-0.029
0.742,-0.01,-0.01,-0.02,-0.02,-0.024,-0.024,-0.024
0.762,0,-0.015,-0.01,-0.024,-0.024,-0.024,-0.029
0.781,-0.01,-0.015,-0.02,-0.029,-0.01,-0.024,-0.024
0.801,-0.005,-0.01,-0.015,-0.024,-0.024,-0.02,-0.02
0.82,-0.01,-0.015,-0.01,-0.02,-0.024,-0.01,-0.024
0.84,-0.005,0,-0.015,-0.01,-0.029,-0.029,-0.029
0.859,0,-0.015,-0.015,-0.024,-0.015,-0.024,-0.029
0.879,-0.005,-0.01,-0.015,-0.02,-0.024,-0.024,-0.024
0.898,-0.005,-0.02,-0.015,-0.029,-0.015,-0.02,-0.024
0.918,-0.01,-0.015,-0.02,-0.02,-0.029,-0.02,-0.024
0.937,-0.005,-0.01,-0.02,-0.024,-0.02,-0.029,-0.029
0.957,-0.005,-0.015,-0.024,-0.015,-0.029,-0.034,-0.024
0.977,-0.01,-0.02,-0.02,-0.024,-0.015,-0.024,-0.029
0.996,-0.01,-0.015,-0.015,-0.02,-0.024,-0.024,-0.02
1.016,-0.01,-0.02,-0.01,-0.029,-0.02,-0.02,-0.024
1.035,-0.01,-0.005,-0.02,-0.01,-0.029,-0.02,-0.024
1.055,-0.005,-0.015,-0.02,-0.02,-0.02,-0.02,-0.029
1.074,-0.01,-0.015,-0.024,-0.015,-0.024,-0.034,-0.02
1.094,-0.005,-0.02,-0.01,-0.024,-0.02,-0.02,-0.029
1.113,-0.015,-0.01,-0.02,-0.02,-0.024,-0.024,-0.015
1.133,-0.005,-0.02,-0.01,-0.024,-0.024,-0.015,-0.029
1.152,-0.005,-0.005,-0.024,-0.01,-0.024,-0.024,-0.02
1.172,0,-0.02,-0.015,-0.024,-0.024,-0.024,-0.029
1.191,-0.01,-0.01,-0.024,-0.02,-0.029,-0.029,-0.01
1.211,-0.005,-0.02,-0.01,-0.02,-0.034,-0.015,-0.029
1.23,-0.015,-0.005,-0.02,-0.02,-0.015,-0.029,-0.02
1.25,0,-0.02,-0.015,-0.024,-0.024,-0.02,-0.029
1.27,-0.01,-0.01,-0.02,-0.024,-0.029,-0.024,-0.024
1.289,-0.005,-0.015,-0.02,-0.02,-0.029,-0.024,-0.024
1.309,-0.01,-0.015,-0.024,-0.024,-0.024,-0.024,-0.015
1.328,-0.01,-0.02,-0.015,-0.024,-0.024,-0.02,-0.029
1.348,-0.015,-0.01,-0.015,-0.024,-0.015,-0.029,-0.02
1.367,0,-0.02,-0.02,-0.024,-0.015,-0.02,-0.024
1.387,-0.01,-0.015,-0.02,-0.02,-0.024,-0.02,-0.024
1.406,-0.005,-0.015,-0.02,-0.015,-0.029,-0.024,-0.024
1.426,-0.01,-0.015,-0.02,-0.02,-0.024,-0.024,-0.029
1.445,-0.01,-0.015,-0.029,-0.024,-0.024,-0.029,-0.024
1.465,-0.015,-0.024,-0.02,-0.029,-0.01,-0.024,-0.024
1.484,-0.01,-0.015,-0.02,-0.02,-0.024,-0.024,-0.029
1.504,-0.01,-0.02,-0.02,-0.024,-0.024,-0.024,-0.029
1.523,-0.01,-0.015,-0.02,-0.015,-0.029,-0.029,-0.024
1.543,0.005,-0.02,-0.02,-0.024,-0.01,-0.02,-0.024
1.562,-0.005,-0.015,-0.02,-0.02,-0.024,-0.029,-0.02
1.582,-0.01,-0.015,-0.01,-0.029,-0.015,-0.02,-0.02
1.602,-0.015,-0.015,-0.02,-0.01,-0.029,-0.02,-0.024
1.621,-0.01,-0.015,-0.02,-0.024,-0.02,-0.024,-0.034
1.641,-0.01,-0.02,-0.029,-0.01,-0.029,-0.034,-0.024
1.66,-0.01,-0.024,-0.02,-0.024,-0.015,-0.024,-0.024
1.68,-0.015,-0.01,-0.02,-0.02,-0.024,-0.024,-0.015
1.699,-0.015,-0.015,-0.01,-0.024,-0.02,-0.015,-0.029
1.719,-0.01,-0.01,-0.024,-0.005,-0.024,-0.024,-0.024
1.738,0,-0.02,-0.02,-0.024,-0.024,-0.02,-0.029
1.758,-0.005,-0.02,-0.024,-0.015,-0.024,-0.034,-0.015
1.777,-0.01,-0.02,-0.01,-0.024,-0.02,-0.015,-0.029
1.797,-0.015,-0.005,-0.024,-0.015,-0.024,-0.029,-0.02
1.816,-0.01,-0.02,-0.015,-0.02,-0.02,-0.015,-0.029
1.836,-0.015,-0.01,-0.029,-0.015,-0.005,-0.029,-0.024
1.855,-0.005,-0.02,-0.015,-0.024,-0.029,-0.024,-0.029
1.875,-0.015,-0.015,-0.024,-0.02,-0.02,-0.029,-0.015
1.895,-0.01,-0.024,-0.01,-0.01,-0.02,-0.015,-0.02
1.914,-0.02,-0.005,-0.02,-0.024,-0.02,-0.029,-0.024
1.934,0,-0.015,-0.015,-0.02,-0.02,-0.02,-0.029
1.953,-0.01,-0.01,-0.02,-0.02,-0.024,-0.029,-0.024
1.973,0,-0.02,-0.02,-0.02,-0.029,-0.02,-0.024
1.992,-0.015,-0.02,-0.015,-0.02,-0.024,-0.029,-0.024
2.012,-0.01,-0.015,-0.024,-0.02,-0.024,-0.024,-0.024
2.031,-0.015,-0.01,-0.015,-0.029,-0.01,-0.024,-0.024
2.051,0,-0.015,-0.015,-0.024,-0.024,-0.024,-0.02
2.07,-0.01,-0.015,-0.024,-0.02,-0.02,-0.015,-0.029
2.09,-0.01,-0.005,-0.024,-0.015,-0.029,-0.024,-0.024
2.109,-0.01,-0.02,-0.015,-0.02,-0.02,-0.024,-0.024
2.129,-0.005,-0.02,-0.02,-0.02,-0.024,-0.024,-0.02
2.148,-0.015,-0.015,-0.015,-0.029,-0.015,-0.02,-0.029
2.168,-0.015,-0.01,-0.015,-0.015,-0.024,-0.024,-0.024
2.187,-0.01,-0.015,-0.02,-0.024,-0.02,-0.024,-0.034
2.207,-0.01,-0.015,-0.024,-0.01,-0.034,-0.029,-0.029
2.227,-0.01,-0.024,-0.02,-0.029,-0.015,-0.029,-0.024
2.246,-0.01,-0.02,-0.02,-0.02,-0.024,-0.024,-0.02
2.266,-0.015,-0.02,-0.01,-0.029,-0.02,-0.02,-0.024
2.285,-0.015,-0.005,-0.02,-0.01,-0.029,-0.024,-0.024
2.305,-0.005,-0.015,-0.02,-0.024,-0.015,-0.024,-0.029
2.324,-0.005,-0.015,-0.029,-0.015,-0.029,-0.029,-0.02
2.344,-0.01,-0.024,-0.01,-0.02,-0.02,-0.024,-0.024
2.363,-0.02,-0.01,-0.02,-0.02,-0.024,-0.029,-0.015
2.383,-0.01,-0.02,-0.01,-0.024,-0.024,-0.015,-0.024
2.402,-0.01,-0.005,-0.02,-0.015,-0.02,-0.024,-0.024
2.422,0,-0.02,-0.02,-0.024,-0.024,-0.024,-0.029
2.441,-0.01,-0.015,-0.024,-0.02,-0.024,-0.029,-0.015
2.461,-0.01,-0.02,-0.01,-0.02,-0.034,-0.015,-0.029
2.48,-0.015,-0.005,-0.02,-0.02,-0.02,-0.024,-0.02
2.5,-0.005,-0.02,-0.015,-0.024,-0.02,-0.02,-0.024
2.52,-0.015,-0.01,-0.02,-0.034,-0.024,-0.029,-0.024
2.539,-0.005,-0.02,-0.02,-0.02,-0.024,-0.024,-0.029
2.559,-0.015,-0.015,-0.02,-0.02,-0.024,-0.024,-0.015
2.578,-0.01,-0.02,-0.015,-0.02,-0.029,-0.015,-0.024
2.598,-0.015,-0.01,-0.02,-0.029,-0.02,-0.024,-0.02
2.617,0,-0.02,-0.02,-0.024,-0.02,-0.02,-0.024
2.637,-0.015,-0.01,-0.01,-0.024,-0.024,-0.024,-0.029
2.656,-0.005,-0.015,-0.02,-0.015,-0.029,-0.024,-0.029
2.676,-0.015,-0.02,-0.02,-0.02,-0.02,-0.029,-0.034
2.695,-0.01,-0.02,-0.02,-0.02,-0.029,-0.029,-0.024
2.715,-0.01,-0.024,-0.015,-0.029,-0.015,-0.024,-0.024
2.734,-0.005,-0.015,-0.02,-0.015,-0.024,-0.02,-0.024
2.754,-0.01,-0.015,-0.02,-0.024,-0.02,-0.02,-0.029
2.773,-0.005,-0.015,-0.029,-0.015,-0.029,-0.029,-0.024
2.793,-0.01,-0.024,-0.02,-0.024,-0.015,-0.024,-0.024
2.812,-0.015,-0.02,-0.02,-0.02,-0.024,-0.024,-0.02
2.832,-0.01,-0.015,-0.015,-0.029,-0.015,-0.02,-0.02
2.852,-0.02,-0.01,-0.02,-0.015,-0.029,-0.02,-0.024
2.871,-0.005,-0.015,-0.015,-0.024,-0.024,-0.024,-0.034
2.891,-0.01,-0.015,-0.029,-0.015,-0.029,-0.029,-0.024
2.91,-0.01,-0.024,-0.02,-0.024,-0.015,-0.024,-0.029
2.93,-0.015,-0.02,-0.024,-0.015,-0.024,-0.024,-0.015
2.949,-0.01,-0.015,-0.01,-0.024,-0.02,-0.015,-0.024
2.969,-0.01,-0.01,-0.024,-0.015,-0.024,-0.024,-0.02
2.988,-0.005,-0.015,-0.015,-0.029,-0.024,-0.024,-0.034
3.008,-0.01,-0.015,-0.029,-0.02,-0.024,-0.034,-0.015
3.027,-0.01,-0.024,-0.01,-0.024,-0.024,-0.02,-0.029
3.047,-0.015,-0.005,-0.02,-0.02,-0.024,-0.024,-0.015
3.066,-0.01,-0.015,-0.015,-0.024,-0.024,-0.02,-0.029
3.086,-0.01,-0.005,-0.02,-0.02,-0.01,-0.029,-0.024
3.105,-0.005,-0.02,-0.015,-0.02,-0.029,-0.024,-0.029
3.125,-0.01,-0.01,-0.02,-0.02,-0.024,-0.029,-0.015
3.145,-0.01,-0.02,-0.015,-0.005,-0.02,-0.015,-0.029
3.164,-0.02,-0.01,-0.02,-0.024,-0.02,-0.024,-0.02
3.184,-0.005,-0.02,-0.015,-0.02,-0.02,-0.02,-0.024
3.203,-0.01,-0.01,-0.02,-0.02,-0.024,-0.029,-0.02
3.223,-0.005,-0.02,-0.02,-0.015,-0.029,-0.02,-0.034
3.242,-0.015,-0.01,-0.02,-0.02,-0.024,-0.029,-0.024
3.262,-0.01,-0.015,-0.034,-0.024,-0.024,-0.02,-0.024
3.281,-0.015,-0.015,-0.015,-0.029,-0.015,-0.024,-0.024
3.301,-0.005,-0.015,-0.02,-0.02,-0.024,-0.02,-0.015
3.32,-0.015,-0.015,-0.024,-0.02,-0.02,-0.02,-0.024
3.34,-0.005,-0.005,-0.02,-0.015,-0.029,-0.024,-0.029
3.359,-0.015,-0.015,-0.02,-0.024,-0.01,-0.024,-0.024
3.379,-0.01,-0.015,-0.02,-0.02,-0.024,-0.039,-0.02
3.398,-0.015,-0.02,-0.015,-0.029,-0.015,-0.02,-0.024
3.418,-0.005,-0.01,-0.02,-0.015,-0.029,-0.024,-0.02
3.437,-0.01,-0.015,-0.02,-0.02,-0.02,-0.029,-0.024
3.457,-0.01,-0.015,-0.02,-0.01,-0.029,-0.024,-0.029
3.477,-0.005,-0.02,-0.015,-0.029,-0.015,-0.024,-0.024
3.496,-0.015,-0.02,-0.02,-0.02,-0.024,-0.024,-0.015
3.516,-0.015,-0.02,-0.01,-0.024,-0.02,-0.015,-0.024
3.535,-0.015,-0.01,-0.02,-0.01,-0.024,-0.02,-0.024
3.555,-0.01,-0.02,-0.02,-0.024,-0.02,-0.024,-0.034
3.574,-0.01,-0.02,-0.024,-0.01,-0.029,-0.029,-0.02
3.594,-0.01,-0.024,-0.01,-0.024,-0.015,-0.024,-0.029
3.613,-0.015,-0.01,-0.024,-0.02,-0.02,-0.029,-0.02
3.633,-0.015,-0.02,-0.01,-0.024,-0.024,-0.015,-0.029
3.652,-0.01,-0.01,-0.024,-0.02,-0.02,-0.024,-0.02
3.672,-0.005,-0.02,-0.015,-0.02,-0.024,-0.024,-0.034
3.691,-0.01,-0.02,-0.02,-0.015,-0.02,-0.034,-0.02
3.711,-0.005,-0.024,-0.01,-0.02,-0.029,-0.015,-0.029
3.73,-0.02,-0.005,-0.024,-0.024,-0.02,-0.024,-0.02
3.75,-0.01,-0.015,-0.015,-0.02,-0.024,-0.015,-0.024
3.77,-0.015,-0.01,-0.02,-0.034,-0.024,-0.029,-0.024
3.789,0,-0.02,-0.015,-0.02,-0.029,-0.02,-0.024
3.809,-0.015,-0.015,-0.02,-0.02,-0.024,-0.029,-0.02
3.828,-0.01,-0.02,-0.02,-0.024,-0.024,-0.015,-0.029
3.848,-0.02,-0.01,-0.02,-0.029,-0.015,-0.024,-0.02
3.867,-0.005,-0.02,-0.02,-0.02,-0.02,-0.02,-0.024
3.887,-0.015,-0.015,-0.015,-0.02,-0.024,-0.024,-0.024
3.906,-0.005,-0.015,-0.02,-0.015,-0.029,-0.024,-0.024
3.926,-0.015,-0.015,-0.02,-0.02,-0.024,-0.024,-0.034
3.945,-0.01,-0.015,-0.02,-0.024,-0.024,-0.02,-0.024
3.965,-0.01,-0.024,-0.015,-0.029,-0.015,-0.024,-0.024
3.984,0,-0.015,-0.015,-0.02,-0.024,-0.02,-0.024
4.004,-0.015,-0.015,-0.02,-0.024,-0.02,-0.005,-0.029
4.023,-0.005,-0.015,-0.024,-0.015,-0.029,-0.024,-0.024
4.043,-0.015,-0.02,-0.02,-0.024,-0.01,-0.024,-0.029
4.062,-0.015,-0.015,-0.02,-0.02,-0.024,-0.024,-0.024
4.082,-0.015,-0.015,-0.01,-0.034,-0.02,-0.024,-0.02
4.102,-0.005,-0.01,-0.024,-0.01,-0.024,-0.02,-0.024
4.121,-0.01,-0.01,-0.02,-0.024,-0.02,-0.02,-0.034
4.141,-0.01,-0.015,-0.024,-0.015,-0.024,-0.029,-0.024
4.16,0,-0.024,-0.01,-0.029,-0.015,-0.029,-0.029
4.18,-0.015,-0.015,-0.02,-0.02,-0.024,-0.02,-0.015
4.199,-0.01,-0.015,-0.01,-0.024,-0.02,-0.015,-0.029
4.219,-0.015,-0.005,-0.02,-0.015,-0.024,-0.024,-0.02
4.238,-0.005,-0.02,-0.015,-0.024,-0.02,-0.02,-0.029
4.258,-0.01,-0.015,-0.024,-0.015,-0.024,-0.029,-0.015
4.277,-0.01,-0.024,-0.01,-0.02,-0.024,-0.02,-0.029
4.297,-0.02,-0.005,-0.02,-0.02,-0.024,-0.024,-0.02
4.316,-0.015,-0.015,-0.015,-0.02,-0.02,-0.015,-0.034
4.336,-0.015,-0.005,-0.024,-0.024,-0.02,-0.029,-0.024
4.355,0,-0.02,-0.015,-0.02,-0.024,-0.024,-0.029
4.375,-0.01,-0.015,-0.024,-0.02,-0.02,-0.029,-0.01
4.395,-0.01,-0.02,-0.015,-0.01,-0.024,-0.015,-0.024
4.414,-0.02,-0.01,-0.02,-0.024,-0.015,-0.029,-0.024
4.434,-0.01,-0.015,-0.02,-0.015,-0.02,-0.02,-0.024
4.453,-0.015,-0.015,-0.01,-0.024,-0.02,-0.029,-0.024
4.473,0,-0.02,-0.02,-0.015,-0.034,-0.024,-0.024
4.492,-0.015,-0.02,-0.015,-0.02,-0.024,-0.024,-0.024
4.512,-0.015,-0.015,-0.02,-0.02,-0.02,-0.02,-0.024
4.531,-0.02,-0.015,-0.015,-0.024,-0.015,-0.029,-0.024
4.551,0,-0.01,-0.024,-0.02,-0.024,-0.024,-0.01
4.57,-0.01,-0.01,-0.02,-0.02,-0.024,-0.02,-0.029
4.59,0,-0.005,-0.02,-0.015,-0.034,-0.024,-0.024
4.609,-0.02,-0.02,-0.02,-0.024,-0.015,-0.024,-0.024
4.629,-0.01,-0.02,-0.02,-0.02,-0.024,-0.029,-0.024
4.648,-0.015,-0.015,-0.01,-0.029,-0.015,-0.024,-0.024
4.668,-0.005,-0.015,-0.02,-0.01,-0.029,-0.024,-0.024
4.687,-0.015,-0.015,-0.02,-0.024,-0.02,-0.024,-0.029
4.707,-0.005,-0.02,-0.029,-0.015,-0.029,-0.029,-0.024
4.727,-0.005,-0.024,-0.015,-0.024,-0.015,-0.02,-0.024
4.746,-0.01,-0.02,-0.02,-0.015,-0.024,-0.024,-0.02
4.766,-0.015,-0.02,-0.015,-0.029,-0.02,-0.02,-0.024
4.785,-0.015,-0.005,-0.024,-0.01,-0.024,-0.024,-0.02
4.805,-0.015,-0.015,-0.015,-0.024,-0.024,-0.024,-0.034
4.824,-0.01,-0.015,-0.024,-0.02,-0.029,-0.029,-0.02
4.844,-0.005,-0.024,-0.01,-0.024,-0.02,-0.024,-0.029
4.863,-0.015,-0.01,-0.02,-0.02,-0.02,-0.029,-0.015
4.883,-0.01,-0.02,-0.015,-0.02,-0.02,-0.02,-0.029
4.902,-0.015,-0.01,-0.02,-0.02,-0.015,-0.029,-0.024
4.922,-0.005,-0.02,-0.02,-0.02,-0.024,-0.024,-0.029
4.941,-0.005,-0.015,-0.024,-0.015,-0.024,-0.029,-0.01
4.961,-0.01,-0.024,-0.015,-0.02,-0.024,-0.015,-0.024
4.98,-0.015,-0.005,-0.02,-0.024,-0.015,-0.024,-0.015
5,-0.01,-0.015,-0.015,-0.02,-0.024,-0.01,-0.029
5.02,-0.015,-0.01,-0.015,-0.02,-0.024,-0.029,-0.024
5.039,-0.005,-0.015,-0.02,-0.02,-0.029,-0.024,-0.029
5.059,-0.015,-0.015,-0.02,-0.02,-0.024,-0.029,-0.02
5.078,-0.005,-0.02,-0.029,-0.024,-0.024,-0.015,-0.024
5.098,-0.02,-0.01,-0.015,-0.024,-0.015,-0.024,-0.02
5.117,-0.005,-0.015,-0.015,-0.024,-0.02,-0.02,-0.02
5.137,-0.015,-0.01,-0.02,-0.024,-0.02,-0.024,-0.024
5.156,0,-0.01,-0.024,-0.015,-0.034,-0.02,-0.024
5.176,-0.02,-0.015,-0.015,-0.02,-0.02,-0.029,-0.039
5.195,-0.01,-0.02,-0.02,-0.02,-0.024,-0.02,-0.024
5.215,-0.02,-0.034,-0.01,-0.034,-0.01,-0.02,-0.02
5.234,-0.005,-0.01,-0.015,-0.02,-0.029,-0.02,-0.029
5.254,-0.015,-0.015,-0.02,-0.024,-0.02,-0.015,-0.029
5.273,-0.005,-0.02,-0.029,-0.01,-0.024,-0.024,-0.02
5.293,-0.015,-0.02,-0.015,-0.024,-0.015,-0.024,-0.024
5.312,-0.01,-0.02,-0.02,-0.015,-0.024,-0.024,-0.02
5.332,-0.01,-0.015,-0.01,-0.029,-0.02,-0.02,-0.02
5.352,-0.005,-0.015,-0.02,-0.015,-0.029,-0.024,-0.029
5.371,-0.01,-0.015,-0.02,-0.024,-0.02,-0.029,-0.034
5.391,-0.01,-0.015,-0.029,-0.015,-0.024,-0.029,-0.024
5.41,-0.015,-0.02,-0.01,-0.02,-0.015,-0.029,-0.024
5.43,-0.01,-0.015,-0.02,-0.015,-0.029,-0.029,-0.015
5.449,-0.01,-0.02,-0.015,-0.024,-0.02,-0.015,-0.024
5.469,-0.02,-0.005,-0.02,-0.02,-0.02,-0.02,-0.024
5.488,-0.01,-0.015,-0.02,-0.024,-0.024,-0.024,-0.034
5.508,-0.01,-0.015,-0.024,-0.02,-0.02,-0.029,-0.015
5.527,-0.015,-0.02,-0.01,-0.02,-0.029,-0.024,-0.024
5.547,-0.02,-0.005,-0.024,-0.02,-0.024,-0.024,-0.015
5.566,-0.01,-0.02,-0.015,-0.02,-0.02,-0.015,-0.029
5.586,-0.01,-0.01,-0.02,-0.029,-0.024,-0.029,-0.024
5.605,-0.01,-0.02,-0.015,-0.02,-0.024,-0.02,-0.029
5.625,-0.005,-0.015,-0.02,-0.024,-0.024,-0.034,-0.015
5.645,-0.01,-0.02,-0.02,-0.024,-0.02,-0.01,-0.029
5.664,-0.02,-0.01,-0.02,-0.02,-0.015,-0.024,-0.02
5.684,-0.01,-0.02,-0.02,-0.02,-0.02,-0.015,-0.024
5.703,-0.015,-0.01,-0.005,-0.024,-0.024,-0.029,-0.02
5.723,-0.005,-0.02,-0.02,-0.02,-0.034,-0.02,-0.024
5.742,-0.015,-0.02,-0.02,-0.02,-0.02,-0.034,-0.024
5.762,-0.01,-0.02,-0.02,-0.02,-0.02,-0.02,-0.024
5.781,-0.02,-0.015,-0.015,-0.029,-0.015,-0.024,-0.02
5.801,-0.005,-0.02,-0.015,-0.015,-0.024,-0.02,-0.015
5.82,-0.01,-0.015,-0.02,-0.024,-0.024,-0.024,-0.029
5.84,0,-0.005,-0.02,-0.015,-0.029,-0.024,-0.02
5.859,-0.02,-0.02,-0.02,-0.02,-0.015,-0.024,-0.024
5.879,-0.01,-0.015,-0.02,-0.015,-0.029,-0.034,-0.024
5.898,-0.02,-0.02,-0.01,-0.029,-0.015,-0.024,-0.024
5.918,0,-0.01,-0.02,-0.015,-0.029,-0.024,-0.024
5.937,-0.015,-0.015,-0.015,-0.024,-0.02,-0.024,-0.029
5.957,-0.005,-0.015,-0.029,-0.015,-0.029,-0.029,-0.029
5.977,-0.015,-0.024,-0.015,-0.024,-0.01,-0.02,-0.024
5.996,-0.005,-0.015,-0.02,-0.02,-0.024,-0.02,-0.02
6.016,-0.015,-0.015,-0.015,-0.024,-0.024,-0.02,-0.024
6.035,-0.005,-0.01,-0.024,-0.01,-0.024,-0.024,-0.024
6.055,-0.015,-0.015,-0.015,-0.024,-0.024,-0.02,-0.034
6.074,-0.01,-0.02,-0.024,-0.02,-0.024,-0.029,-0.024
6.094,-0.01,-0.024,-0.01,-0.024,-0.02,-0.024,-0.024
6.113,-0.01,-0.005,-0.02,-0.02,-0.024,-0.024,-0.015
6.133,-0.01,-0.015,-0.015,-0.024,-0.02,-0.015,-0.024
6.152,-0.024,-0.005,-0.02,-0.02,-0.015,-0.024,-0.024
6.172,-0.01,-0.02,-0.02,-0.02,-0.024,-0.02,-0.029
6.191,-0.01,-0.015,-0.02,-0.02,-0.024,-0.034,-0.015
6.211,-0.015,-0.02,-0.02,-0.005,-0.024,-0.02,-0.029
6.23,-0.015,-0.005,-0.02,-0.02,-0.02,-0.029,-0.015
6.25,-0.015,-0.02,-0.02,-0.024,-0.024,-0.02,-0.029
6.27,-0.015,-0.01,-0.01,-0.024,-0.024,-0.029,-0.024
6.289,-0.01,-0.024,-0.02,-0.015,-0.024,-0.024,-0.029
6.309,-0.01,-0.015,-0.015,-0.024,-0.024,-0.029,-0.015
6.328,-0.01,-0.02,-0.024,-0.02,-0.02,-0.01,-0.024
6.348,-0.015,-0.01,-0.015,-0.024,-0.015,-0.024,-0.02
6.367,-0.015,-0.015,-0.02,-0.024,-0.024,-0.02,-0.024
6.387,-0.01,-0.015,-0.02,-0.024,-0.02,-0.024,-0.024
6.406,-0.005,-0.01,-0.02,-0.01,-0.034,-0.024,-0.024
6.426,-0.01,-0.02,-0.02,-0.02,-0.02,-0.024,-0.029
6.445,-0.005,-0.015,-0.02,-0.02,-0.024,-0.02,-0.02
6.465,-0.02,-0.024,-0.015,-0.029,-0.01,-0.024,-0.024
6.484,-0.005,-0.01,-0.02,-0.015,-0.029,-0.02,-0.024
6.504,-0.015,-0.015,-0.02,-0.024,-0.024,-0.01,-0.024
6.523,-0.005,-0.02,-0.024,-0.01,-0.029,-0.029,-0.024
6.543,-0.015,-0.02,-0.02,-0.02,-0.015,-0.024,-0.024
6.562,-0.01,-0.02,-0.02,-0.02,-0.024,-0.024,-0.015
6.582,-0.015,-0.015,-0.01,-0.029,-0.015,-0.024,-0.024
6.602,0,-0.01,-0.024,-0.015,-0.029,-0.024,-0.024
6.621,-0.015,-0.01,-0.02,-0.024,-0.02,-0.024,-0.034
6.641,-0.01,-0.015,-0.024,-0.015,-0.029,-0.029,-0.024
6.66,-0.015,-0.024,-0.01,-0.024,-0.015,-0.024,-0.029
6.68,-0.015,-0.02,-0.024,-0.02,-0.024,-0.024,-0.02
6.699,-0.015,-0.02,-0.015,-0.029,-0.02,-0.015,-0.024
6.719,-0.005,-0.005,-0.02,-0.015,-0.024,-0.024,-0.024
6.738,-0.01,-0.015,-0.015,-0.024,-0.024,-0.024,-0.034
6.758,-0.01,-0.015,-0.02,-0.02,-0.02,-0.029,-0.015
6.777,-0.005,-0.024,-0.015,-0.02,-0.029,-0.024,-0.024
6.797,-0.01,-0.01,-0.024,-0.024,-0.02,-0.024,-0.024
6.816,-0.01,-0.02,-0.015,-0.024,-0.024,-0.015,-0.029
6.836,-0.01,-0.01,-0.015,-0.034,-0.029,-0.024,-0.02
6.855,-0.01,-0.015,-0.02,-0.02,-0.029,-0.024,-0.029
6.875,-0.015,-0.015,-0.02,-0.02,-0.024,-0.034,-0.015
6.895,-0.01,-0.015,-0.024,-0.02,-0.024,-0.015,-0.024
6.914,-0.015,-0.01,-0.015,-0.024,-0.015,-0.029,-0.02
6.934,-0.015,-0.02,-0.02,-0.02,-0.015,-0.015,-0.024
6.953,-0.01,-0.01,-0.02,-0.024,-0.024,-0.024,-0.024
6.973,-0.005,-0.015,-0.024,-0.015,-0.034,-0.02,-0.029
6.992,-0.01,-0.015,-0.02,-0.02,-0.02,-0.029,-0.02
7.012,-0.01,-0.015,-0.02,-0.02,-0.024,-0.02,-0.024
7.031,-0.02,-0.024,-0.01,-0.024,-0.015,-0.029,-0.024
7.051,-0.01,-0.015,-0.02,-0.02,-0.024,-0.02,-0.02
7.07,-0.01,-0.015,-0.02,-0.024,-0.02,-0.02,-0.029
7.09,0,-0.02,-0.029,-0.015,-0.029,-0.024,-0.024
7.109,-0.015,-0.02,-0.02,-0.024,-0.015,-0.024,-0.024
7.129,-0.005,-0.015,-0.02,-0.02,-0.02,-0.024,-0.02
7.148,-0.02,-0.015,-0.01,-0.029,-0.015,-0.024,-0.029
7.168,0,-0.01,-0.024,-0.01,-0.029,-0.024,-0.029
7.187,-0.015,-0.01,-0.015,-0.02,-0.024,-0.024,-0.029
7.207,-0.005,-0.015,-0.024,-0.015,-0.029,-0.029,-0.029
7.227,-0.015,-0.02,-0.01,-0.024,-0.015,-0.024,-0.029
7.246,-0.005,-0.02,-0.024,-0.02,-0.024,-0.024,-0.02
7.266,-0.02,-0.02,-0.01,-0.024,-0.02,-0.02,-0.024
7.285,-0.005,-0.01,-0.024,-0.01,-0.024,-0.024,-0.024
7.305,-0.015,-0.015,-0.02,-0.024,-0.024,-0.024,-0.034
7.324,-0.005,-0.01,-0.024,-0.02,-0.024,-0.029,-0.02
7.344,-0.01,-0.024,-0.01,-0.024,-0.02,-0.024,-0.029
7.363,-0.01,-0.01,-0.02,-0.024,-0.024,-0.029,-0.015
7.383,-0.015,-0.02,-0.015,-0.024,-0.02,-0.015,-0.024
7.402,-0.01,-0.005,-0.024,-0.02,-0.01,-0.024,-0.024
7.422,-0.01,-0.02,-0.015,-0.02,-0.029,-0.024,-0.034
7.441,-0.01,-0.015,-0.02,-0.024,-0.02,-0.029,-0.015
7.461,0,-0.02,-0.02,-0.015,-0.024,-0.015,-0.029
7.48,-0.015,-0.005,-0.02,-0.029,-0.02,-0.024,-0.02
7.5,-0.015,-0.02,-0.02,-0.02,-0.02,-0.02,-0.029
7.52,-0.01,-0.01,-0.005,-0.024,-0.024,-0.029,-0.02
7.539,-0.01,-0.02,-0.02,-0.015,-0.034,-0.02,-0.029
7.559,-0.015,-0.015,-0.02,-0.02,-0.024,-0.024,-0.02
7.578,-0.01,-0.015,-0.02,-0.02,-0.024,-0.015,-0.024
7.598,-0.015,-0.015,-0.015,-0.024,-0.02,-0.029,-0.02
7.617,-0.015,-0.02,-0.015,-0.02,-0.02,-0.02,-0.024
7.637,-0.015,-0.015,-0.02,-0.024,-0.02,-0.029,-0.024
7.656,-0.005,-0.005,-0.02,-0.01,-0.034,-0.024,-0.029
7.676,-0.01,-0.015,-0.02,-0.024,-0.02,-0.024,-0.029
7.695,-0.005,-0.015,-0.024,-0.024,-0.024,-0.02,-0.024
7.715,-0.015,-0.015,-0.01,-0.029,-0.015,-0.024,-0.024
7.734,-0.01,-0.015,-0.02,-0.015,-0.024,-0.02,-0.015
7.754,-0.02,-0.015,-0.02,-0.02,-0.02,-0.02,-0.029
7.773,-0.005,-0.015,-0.024,-0.01,-0.029,-0.024,-0.024
7.793,-0.01,-0.02,-0.02,-0.029,-0.015,-0.024,-0.024
7.812,-0.005,-0.015,-0.02,-0.024,-0.024,-0.024,-0.02
7.832,-0.02,-0.015,-0.01,-0.024,-0.02,-0.02,-0.024
7.852,-0.005,-0.01,-0.024,-0.01,-0.024,-0.024,-0.02
7.871,-0.015,-0.02,-0.02,-0.024,-0.015,-0.024,-0.034
7.891,-0.005,-0.015,-0.024,-0.015,-0.029,-0.029,-0.024
7.91,-0.015,-0.024,-0.01,-0.024,-0.02,-0.024,-0.024
7.93,-0.01,-0.01,-0.024,-0.024,-0.024,-0.024,-0.02
7.949,-0.015,-0.02,-0.01,-0.024,-0.02,-0.02,-0.024
7.969,0,-0.005,-0.015,-0.02,-0.02,-0.024,-0.02
7.988,-0.015,-0.02,-0.02,-0.024,-0.02,-0.024,-0.039
8.008,-0.01,-0.015,-0.02,-0.02,-0.024,-0.029,-0.024
8.027,-0.01,-0.02,-0.015,-0.015,-0.034,-0.02,-0.029
8.047,-0.01,-0.005,-0.024,-0.024,-0.02,-0.024,-0.02
8.066,-0.015,-0.02,-0.015,-0.024,-0.02,-0.01,-0.029
8.086,-0.005,-0.015,-0.015,-0.02,-0.024,-0.029,-0.02
8.105,-0.015,-0.02,-0.02,-0.02,-0.024,-0.024,-0.034
8.125,-0.01,-0.015,-0.02,-0.02,-0.024,-0.034,-0.015
8.145,0,-0.02,-0.02,-0.024,-0.024,-0.015,-0.029
8.164,-0.015,-0.015,-0.02,-0.024,-0.02,-0.024,-0.02
8.184,-0.01,-0.015,-0.015,-0.024,-0.02,-0.02,-0.024
8.203,-0.01,-0.015,-0.02,-0.02,-0.024,-0.029,-0.024
8.223,-0.01,-0.015,-0.024,-0.015,-0.029,-0.024,-0.024
8.242,-0.01,-0.015,-0.024,-0.02,-0.02,-0.029,-0.02
8.262,-0.015,-0.015,-0.02,-0.02,-0.029,-0.015,-0.029
8.281,-0.015,-0.034,-0.015,-0.029,-0.015,-0.024,-0.024
8.301,-0.015,-0.01,-0.015,-0.02,-0.024,-0.02,-0.02
8.32,-0.01,-0.015,-0.015,-0.024,-0.02,-0.024,-0.024
8.34,-0.005,-0.015,-0.029,-0.01,-0.029,-0.024,-0.024
8.359,-0.01,-0.02,-0.015,-0.024,-0.015,-0.024,-0.039
8.379,-0.005,-0.02,-0.02,-0.02,-0.024,-0.029,-0.024
8.398,-0.02,-0.015,-0.015,-0.024,-0.02,-0.02,-0.024
8.418,-0.01,-0.005,-0.02,-0.01,-0.029,-0.024,-0.024
8.437,-0.015,-0.015,-0.015,-0.02,-0.02,-0.02,-0.029
8.457,0,-0.02,-0.024,-0.015,-0.024,-0.029,-0.024
8.477,-0.015,-0.024,-0.01,-0.029,-0.015,-0.024,-0.024
8.496,-0.01,-0.015,-0.024,-0.02,-0.029,-0.024,-0.024
8.516,-0.02,-0.02,-0.015,-0.024,-0.02,-0.02,-0.02
8.535,-0.005,-0.01,-0.02,-0.015,-0.024,-0.02,-0.024
8.555,-0.02,-0.015,-0.015,-0.024,-0.024,-0.024,-0.034
8.574,-0.005,-0.015,-0.024,-0.015,-0.024,-0.034,-0.02
8.594,-0.01,-0.024,-0.015,-0.02,-0.02,-0.024,-0.029
8.613,-0.01,-0.005,-0.02,-0.024,-0.024,-0.024,-0.02
8.633,-0.02,-0.02,-0.015,-0.02,-0.02,-0.015,-0.024
8.652,-0.005,-0.005,-0.02,-0.029,-0.015,-0.024,-0.024
8.672,-0.01,-0.02,-0.02,-0.02,-0.024,-0.02,-0.034
8.691,-0.005,-0.015,-0.02,-0.02,-0.024,-0.034,-0.015
8.711,-0.01,-0.02,-0.024,-0.024,-0.024,-0.02,-0.029
8.73,-0.01,-0.005,-0.02,-0.024,-0.02,-0.024,-0.02
8.75,-0.015,-0.015,-0.015,-0.02,-0.02,-0.01,-0.029
8.77,-0.015,-0.01,-0.02,-0.02,-0.024,-0.024,-0.024
8.789,-0.01,-0.015,-0.02,-0.015,-0.024,-0.02,-0.029
8.809,-0.015,-0.015,-0.02,-0.02,-0.024,-0.029,-0.015
8.828,0,-0.02,-0.02,-0.024,-0.024,-0.015,-0.024
8.848,-0.015,-0.02,-0.015,-0.029,-0.015,-0.029,-0.02
8.867,-0.015,-0.015,-0.015,-0.02,-0.024,-0.02,-0.024
8.887,-0.01,-0.02,-0.02,-0.024,-0.024,-0.029,-0.02
8.906,-0.01,-0.015,-0.029,-0.01,-0.029,-0.02,-0.029
8.926,-0.005,-0.015,-0.015,-0.02,-0.015,-0.029,-0.02
8.945,-0.01,-0.02,-0.02,-0.02,-0.02,-0.02,-0.024
8.965,-0.015,-0.015,-0.01,-0.029,-0.02,-0.029,-0.024
8.984,-0.015,-0.01,-0.024,-0.01,-0.029,-0.024,-0.015
9.004,-0.015,-0.015,-0.02,-0.024,-0.024,-0.015,-0.029
9.023,0,-0.01,-0.024,-0.015,-0.029,-0.024,-0.029
9.043,-0.01,-0.02,-0.01,-0.029,-0.015,-0.029,-0.024
9.062,-0.01,-0.015,-0.024,-0.02,-0.024,-0.029,-0.02
9.082,-0.015,-0.015,-0.01,-0.024,-0.02,-0.02,-0.024
9.102,-0.005,-0.01,-0.024,-0.015,-0.029,-0.02,-0.024
9.121,-0.015,-0.015,-0.02,-0.02,-0.02,-0.02,-0.029
9.141,0,-0.015,-0.02,-0.015,-0.029,-0.024,-0.029
9.16,-0.015,-0.024,-0.01,-0.024,-0.02,-0.024,-0.02
9.18,-0.005,-0.005,-0.02,-0.02,-0.024,-0.024,-0.02
9.199,-0.02,-0.02,-0.015,-0.024,-0.024,-0.02,-0.024
9.219,0,-0.01,-0.02,-0.02,-0.024,-0.024,-0.02
9.238,-0.015,-0.02,-0.02,-0.02,-0.02,-0.024,-0.029
9.258,-0.01,-0.01,-0.02,-0.02,-0.029,-0.034,-0.02
9.277,-0.015,-0.02,-0.015,-0.01,-0.039,-0.024,-0.024
9.297,-0.01,-0.005,-0.02,-0.024,-0.02,-0.029,-0.02
9.316,-0.015,-0.02,-0.02,-0.02,-0.024,-0.015,-0.024
9.336,-0.005,-0.01,-0.01,-0.02,-0.024,-0.024,-0.024
9.355,-0.015,-0.02,-0.02,-0.02,-0.029,-0.024,-0.034
9.375,-0.01,-0.02,-0.02,-0.02,-0.02,-0.029,-0.015
9.395,-0.015,-0.015,-0.02,-0.02,-0.024,-0.015,-0.029
9.414,-0.01,-0.015,-0.02,-0.029,-0.015,-0.024,-0.015
9.434,-0.015,-0.02,-0.02,-0.024,-0.02,-0.02,-0.029
9.453,-0.015,-0.01,-0.02,-0.024,-0.024,-0.029,-0.024
9.473,-0.01,-0.005,-0.02,-0.01,-0.029,-0.02,-0.029
9.492,-0.015,-0.02,-0.024,-0.02,-0.024,-0.029,-0.02
9.512,-0.015,-0.015,-0.02,-0.02,-0.024,-0.015,-0.024
9.531,-0.015,-0.015,-0.015,-0.034,-0.01,-0.024,-0.02
9.551,-0.01,-0.015,-0.02,-0.015,-0.024,-0.024,-0.024
9.57,-0.01,-0.015,-0.015,-0.024,-0.024,-0.024,-0.024
9.59,-0.005,-0.015,-0.029,-0.015,-0.029,-0.024,-0.024
9.609,-0.01,-0.024,-0.015,-0.024,-0.01,-0.024,-0.029
9.629,-0.015,-0.015,-0.02,-0.015,-0.024,-0.024,-0.024
9.648,-0.02,-0.015,-0.01,-0.024,-0.01,-0.024,-0.024
9.668,-0.01,-0.005,-0.02,-0.01,-0.029,-0.024,-0.024
9.687,-0.01,-0.02,-0.015,-0.024,-0.02,-0.015,-0.029
9.707,-0.005,-0.015,-0.024,-0.02,-0.029,-0.029,-0.024
9.727,-0.01,-0.024,-0.005,-0.02,-0.015,-0.024,-0.024
9.746,-0.01,-0.01,-0.024,-0.02,-0.024,-0.024,-0.02
9.766,-0.02,-0.015,-0.015,-0.02,-0.02,-0.02,-0.02
9.785,-0.005,-0.01,-0.024,-0.015,-0.024,-0.024,-0.024
9.805,-0.015,-0.02,-0.015,-0.024,-0.024,-0.024,-0.029
9.824,-0.005,-0.015,-0.024,-0.02,-0.029,-0.029,-0.024
9.844,-0.015,-0.02,-0.015,-0.015,-0.024,-0.024,-0.029
9.863,-0.01,-0.005,-0.024,-0.02,-0.02,-0.024,-0.02
9.883,-0.02,-0.015,-0.02,-0.02,-0.024,-0.015,-0.024
9.902,0,-0.01,-0.015,-0.024,-0.01,-0.024,-0.024
9.922,-0.015,-0.024,-0.015,-0.02,-0.029,-0.024,-0.029
9.941,-0.005,-0.015,-0.02,-0.02,-0.02,-0.034,-0.02
9.961,-0.015,-0.024,-0.034,-0.02,-0.024,-0.02,-0.029
9.98,-0.01,-0.01,-0.015,-0.024,-0.02,-0.029,-0.015
10,-0.015,-0.015,-0.02,-0.02,-0.02,-0.015,-0.029
10.02,0.176,0.166,0.161,0.151,0.146,0.151,0.151
10.039,0.132,0.132,0.122,0.132,0.122,0.117,0.112
10.059,0.132,0.122,0.117,0.117,0.112,0.107,0.122
10.078,0.122,0.117,0.117,0.112,0.107,0.122,0.103
10.098,0.117,0.103,0.117,0.098,0.117,0.098,0.107
10.117,0.112,0.112,0.107,0.112,0.103,0.107,0.098
10.137,0.103,0.112,0.103,0.098,0.103,0.103,0.103
10.156,0.112,0.107,0.098,0.107,0.093,0.098,0.098
10.176,0.107,0.103,0.103,0.098,0.103,0.098,0.098
10.195,0.107,0.098,0.103,0.103,0.098,0.103,0.093
10.215,0.103,0.103,0.107,0.093,0.103,0.093,0.093
10.234,0.107,0.107,0.098,0.107,0.093,0.098,0.098
10.254,0.098,0.103,0.098,0.093,0.098,0.098,0.098
10.273,0.107,0.098,0.093,0.098,0.088,0.093,0.093
10.293,0.103,0.088,0.107,0.093,0.103,0.093,0.078
10.312,0.098,0.093,0.088,0.093,0.088,0.083,0.098
10.332,0.093,0.093,0.103,0.093,0.098,0.098,0.093
10.352,0.103,0.103,0.088,0.098,0.088,0.093,0.093
10.371,0.098,0.093,0.098,0.093,0.098,0.093,0.093
10.391,0.103,0.098,0.088,0.098,0.088,0.088,0.093
10.41,0.093,0.088,0.098,0.098,0.098,0.088,0.088
10.43,0.098,0.098,0.088,0.093,0.088,0.093,0.098
10.449,0.088,0.088,0.098,0.093,0.088,0.103,0.093
10.469,0.103,0.098,0.093,0.083,0.093,0.093,0.093
10.488,0.093,0.088,0.088,0.093,0.093,0.093,0.088
10.508,0.098,0.093,0.088,0.093,0.088,0.088,0.093
10.527,0.088,0.083,0.088,0.088,0.073,0.093,0.088
10.547,0.093,0.098,0.088,0.088,0.093,0.093,0.103
10.566,0.083,0.083,0.093,0.088,0.093,0.098,0.093
10.586,0.098,0.093,0.093,0.093,0.088,0.088,0.093
10.605,0.093,0.088,0.083,0.098,0.088,0.093,0.088
10.625,0.093,0.088,0.083,0.093,0.093,0.083,0.103
10.645,0.083,0.083,0.083,0.083,0.088,0.098,0.093
10.664,0.093,0.078,0.093,0.078,0.098,0.088,0.098
10.684,0.083,0.088,0.088,0.088,0.088,0.098,0.093
10.703,0.093,0.083,0.088,0.083,0.093,0.088,0.098
10.723,0.083,0.088,0.078,0.093,0.083,0.093,0.088
10.742,0.088,0.083,0.088,0.088,0.093,0.088,0.098
10.762,0.093,0.083,0.083,0.088,0.088,0.098,0.088
10.781,0.083,0.083,0.098,0.083,0.098,0.088,0.093
10.801,0.088,0.088,0.083,0.093,0.088,0.098,0.088
10.82,0.073,0.088,0.083,0.083,0.093,0.093,0.098
10.84,0.093,0.083,0.073,0.098,0.083,0.093,0.093
10.859,0.088,0.078,0.093,0.078,0.098,0.093,0.093
10.879,0.083,0.088,0.083,0.093,0.088,0.093,0.093
10.898,0.083,0.078,0.093,0.083,0.093,0.088,0.093
10.918,0.083,0.093,0.078,0.093,0.083,0.093,0.103
10.937,0.078,0.083,0.088,0.083,0.088,0.107,0.088
10.957,0.093,0.083,0.078,0.088,0.083,0.088,0.093
10.977,0.088,0.073,0.093,0.088,0.098,0.093,0.093
10.996,0.083,0.093,0.083,0.088,0.088,0.093,0.093
11.016,0.078,0.083,0.088,0.083,0.093,0.093,0.088
11.035,0.083,0.088,0.083,0.083,0.093,0.093,0.093
11.055,0.073,0.078,0.088,0.088,0.093,0.093,0.083
11.074,0.093,0.083,0.083,0.088,0.088,0.083,0.088
11.094,0.088,0.078,0.088,0.107,0.093,0.098,0.093
11.113,0.088,0.088,0.083,0.088,0.088,0.088,0.103
11.133,0.073,0.078,0.088,0.088,0.088,0.098,0.088
11.152,0.088,0.088,0.093,0.088,0.103,0.088,0.093
11.172,0.078,0.083,0.083,0.093,0.088,0.093,0.083
11.191,0.088,0.083,0.083,0.088,0.088,0.083,0.098
11.211,0.073,0.078,0.083,0.093,0.093,0.098,0.093
11.23,0.083,0.088,0.088,0.088,0.093,0.088,0.103
11.25,0.073,0.083,0.083,0.088,0.093,0.098,0.088
11.27,0.088,0.083,0.083,0.083,0.088,0.083,0.093
11.289,0.078,0.093,0.078,0.098,0.083,0.093,0.083
11.309,0.083,0.078,0.078,0.088,0.083,0.083,0.103
11.328,0.078,0.078,0.083,0.088,0.088,0.103,0.088
11.348,0.083,0.078,0.093,0.078,0.098,0.088,0.098
11.367,0.073,0.088,0.083,0.093,0.093,0.098,0.088
11.387,0.083,0.083,0.088,0.083,0.093,0.088,0.093
11.406,0.078,0.078,0.078,0.098,0.078,0.088,0.088
11.426,0.083,0.073,0.083,0.083,0.098,0.088,0.098
11.445,0.093,0.083,0.083,0.088,0.093,0.093,0.088
11.465,0.078,0.078,0.093,0.083,0.098,0.088,0.093
11.484,0.078,0.093,0.078,0.098,0.083,0.093,0.093
11.504,0.073,0.083,0.083,0.083,0.093,0.093,0.093
11.523,0.083,0.083,0.078,0.088,0.083,0.093,0.088
11.543,0.078,0.068,0.093,0.083,0.098,0.088,0.088
11.562,0.073,0.088,0.083,0.088,0.088,0.078,0.093
11.582,0.073,0.078,0.088,0.083,0.093,0.093,0.093
11.602,0.078,0.093,0.078,0.093,0.088,0.093,0.098
11.621,0.078,0.078,0.088,0.083,0.093,0.088,0.088
11.641,0.083,0.083,0.083,0.088,0.088,0.088,0.088
11.66,0.073,0.073,0.088,0.093,0.093,0.088,0.093
11.68,0.078,0.093,0.083,0.088,0.088,0.093,0.093
11.699,0.068,0.078,0.088,0.088,0.093,0.093,0.093
11.719,0.078,0.083,0.088,0.088,0.093,0.093,0.093
11.738,0.078,0.078,0.083,0.083,0.088,0.093,0.083
11.758,0.083,0.078,0.083,0.088,0.088,0.083,0.093
11.777,0.078,0.073,0.078,0.088,0.073,0.088,0.093
11.797,0.078,0.083,0.083,0.083,0.093,0.088,0.098
11.816,0.068,0.078,0.088,0.083,0.093,0.098,0.088
11.836,0.083,0.078,0.083,0.083,0.088,0.088,0.098
11.855,0.078,0.093,0.083,0.088,0.083,0.093,0.083
11.875,0.078,0.078,0.088,0.088,0.088,0.078,0.098
11.895,0.068,0.078,0.083,0.088,0.088,0.098,0.088
11.914,0.078,0.078,0.083,0.078,0.098,0.088,0.098
11.934,0.068,0.078,0.088,0.088,0.093,0.103,0.088
11.953,0.083,0.083,0.083,0.088,0.088,0.088,0.098
11.973,0.073,0.083,0.078,0.093,0.078,0.093,0.088
11.992,0.083,0.078,0.083,0.083,0.088,0.083,0.103
12.012,0.073,0.073,0.078,0.088,0.093,0.098,0.093
12.031,0.073,0.078,0.093,0.078,0.098,0.088,0.098
12.051,0.073,0.088,0.083,0.093,0.088,0.098,0.088
12.07,0.073,0.083,0.083,0.083,0.093,0.088,0.093
12.09,0.078,0.078,0.073,0.093,0.073,0.093,0.088
12.109,0.078,0.073,0.098,0.078,0.098,0.083,0.098
12.129,0.083,0.078,0.083,0.088,0.088,0.088,0.088
12.148,0.068,0.073,0.093,0.078,0.093,0.088,0.093
12.168,0.073,0.088,0.083,0.093,0.088,0.093,0.093
12.187,0.073,0.078,0.088,0.083,0.093,0.103,0.098
12.207,0.078,0.078,0.078,0.088,0.083,0.088,0.093
12.227,0.073,0.073,0.093,0.088,0.098,0.093,0.078
12.246,0.073,0.088,0.083,0.088,0.088,0.088,0.093
12.266,0.068,0.073,0.088,0.083,0.093,0.093,0.088
12.285,0.073,0.083,0.088,0.078,0.093,0.093,0.093
12.305,0.073,0.078,0.083,0.093,0.088,0.093,0.093
12.324,0.083,0.083,0.078,0.093,0.083,0.083,0.093
12.344,0.073,0.078,0.088,0.088,0.088,0.088,0.088
12.363,0.078,0.083,0.083,0.083,0.093,0.088,0.098
12.383,0.068,0.078,0.083,0.088,0.093,0.098,0.088
12.402,0.078,0.083,0.093,0.088,0.107,0.093,0.093
12.422,0.073,0.078,0.078,0.093,0.088,0.093,0.083
12.441,0.083,0.078,0.083,0.093,0.083,0.083,0.093
12.461,0.073,0.078,0.083,0.088,0.083,0.093,0.093
12.48,0.078,0.068,0.093,0.083,0.093,0.083,0.098
12.5,0.068,0.078,0.083,0.088,0.093,0.098,0.088
12.52,0.083,0.078,0.088,0.083,0.088,0.088,0.093
12.539,0.073,0.078,0.078,0.093,0.083,0.088,0.088
12.559,0.083,0.078,0.083,0.088,0.083,0.083,0.103
12.578,0.068,0.078,0.088,0.093,0.088,0.103,0.088
12.598,0.078,0.083,0.093,0.078,0.098,0.083,0.098
12.617,0.073,0.083,0.083,0.093,0.088,0.093,0.083
12.637,0.083,0.078,0.083,0.083,0.088,0.088,0.093
12.656,0.068,0.083,0.073,0.098,0.083,0.093,0.088
12.676,0.073,0.073,0.088,0.088,0.093,0.088,0.103
12.695,0.073,0.078,0.083,0.088,0.083,0.098,0.088
12.715,0.073,0.078,0.093,0.078,0.098,0.088,0.093
12.734,0.073,0.088,0.078,0.093,0.083,0.093,0.088
12.754,0.068,0.078,0.083,0.083,0.093,0.088,0.093
12.773,0.068,0.083,0.078,0.093,0.083,0.093,0.088
12.793,0.073,0.073,0.088,0.088,0.098,0.088,0.098
12.812,0.093,0.088,0.083,0.088,0.083,0.083,0.093
12.832,0.068,0.078,0.093,0.083,0.093,0.093,0.088
12.852,0.068,0.088,0.078,0.088,0.083,0.093,0.098
12.871,0.068,0.078,0.083,0.088,0.093,0.088,0.093
12.891,0.078,0.078,0.078,0.088,0.088,0.088,0.088
12.91,0.078,0.073,0.088,0.103,0.093,0.093,0.093
12.93,0.073,0.083,0.083,0.088,0.088,0.088,0.093
12.949,0.068,0.078,0.088,0.083,0.093,0.098,0.093
12.969,0.073,0.083,0.083,0.083,0.093,0.093,0.093
12.988,0.068,0.078,0.083,0.093,0.088,0.093,0.088
13.008,0.078,0.078,0.083,0.088,0.093,0.083,0.093
13.027,0.073,0.078,0.068,0.088,0.078,0.093,0.093
13.047,0.078,0.078,0.083,0.083,0.088,0.088,0.093
13.066,0.068,0.078,0.088,0.083,0.088,0.103,0.088
13.086,0.078,0.083,0.083,0.083,0.088,0.093,0.093
13.105,0.068,0.078,0.078,0.093,0.083,0.088,0.083
13.125,0.083,0.078,0.083,0.088,0.088,0.083,0.098
13.145,0.068,0.083,0.083,0.088,0.088,0.098,0.093
13.164,0.073,0.073,0.088,0.078,0.093,0.088,0.103
13.184,0.068,0.083,0.083,0.093,0.093,0.098,0.093
13.203,0.083,0.083,0.088,0.083,0.088,0.088,0.093
13.223,0.073,0.083,0.073,0.093,0.083,0.093,0.083
13.242,0.078,0.073,0.083,0.083,0.088,0.088,0.103
13.262,0.068,0.078,0.078,0.088,0.088,0.098,0.088
13.281,0.078,0.078,0.093,0.083,0.093,0.088,0.098
13.301,0.063,0.088,0.083,0.098,0.088,0.093,0.088
13.32,0.078,0.083,0.088,0.078,0.093,0.088,0.093
13.34,0.068,0.083,0.073,0.093,0.078,0.093,0.088
13.359,0.078,0.068,0.093,0.083,0.098,0.093,0.103
13.379,0.068,0.088,0.083,0.088,0.088,0.093,0.088
13.398,0.073,0.078,0.088,0.083,0.098,0.088,0.098
13.418,0.068,0.083,0.083,0.093,0.083,0.093,0.088
13.437,0.068,0.073,0.088,0.088,0.088,0.103,0.093
13.457,0.073,0.083,0.078,0.093,0.083,0.088,0.088
13.477,0.073,0.073,0.088,0.088,0.093,0.093,0.093
13.496,0.068,0.088,0.083,0.088,0.088,0.088,0.088
13.516,0.068,0.073,0.088,0.088,0.093,0.093,0.093
13.535,0.073,0.088,0.083,0.073,0.088,0.088,0.103
13.555,0.073,0.078,0.088,0.088,0.093,0.088,0.088
13.574,0.073,0.078,0.078,0.088,0.088,0.083,0.093
13.594,0.073,0.073,0.083,0.088,0.093,0.093,0.088
13.613,0.073,0.078,0.083,0.083,0.093,0.093,0.098
13.633,0.063,0.078,0.083,0.088,0.088,0.098,0.093
13.652,0.073,0.078,0.103,0.083,0.103,0.088,0.093
13.672,0.068,0.093,0.083,0.093,0.083,0.093,0.083
13.691,0.078,0.078,0.083,0.088,0.093,0.088,0.093
13.711,0.073,0.083,0.083,0.088,0.088,0.093,0.088
13.73,0.078,0.078,0.088,0.078,0.093,0.088,0.098
13.75,0.063,0.083,0.088,0.088,0.093,0.098,0.093
13.77,0.078,0.083,0.088,0.088,0.088,0.088,0.093
13.789,0.068,0.078,0.078,0.098,0.083,0.093,0.083
13.809,0.078,0.073,0.083,0.083,0.088,0.083,0.093
13.828,0.073,0.078,0.083,0.088,0.093,0.103,0.088
13.848,0.073,0.078,0.093,0.078,0.098,0.088,0.098
13.867,0.068,0.088,0.083,0.098,0.088,0.093,0.088
13.887,0.083,0.078,0.083,0.083,0.093,0.088,0.093
13.906,0.068,0.073,0.078,0.098,0.078,0.098,0.088
13.926,0.078,0.073,0.088,0.083,0.093,0.088,0.103
13.945,0.068,0.088,0.083,0.088,0.088,0.098,0.088
13.965,0.078,0.073,0.088,0.083,0.098,0.088,0.093
13.984,0.068,0.088,0.078,0.093,0.088,0.093,0.088
14.004,0.078,0.073,0.083,0.088,0.093,0.093,0.093
14.023,0.068,0.083,0.078,0.093,0.078,0.093,0.088
14.043,0.073,0.073,0.093,0.088,0.103,0.088,0.093
14.062,0.073,0.093,0.083,0.088,0.088,0.083,0.093
14.082,0.068,0.078,0.088,0.083,0.093,0.093,0.093
14.102,0.073,0.083,0.083,0.083,0.088,0.093,0.088
14.121,0.059,0.073,0.083,0.083,0.093,0.088,0.093
14.141,0.073,0.083,0.083,0.093,0.083,0.088,0.093
14.16,0.073,0.073,0.088,0.088,0.093,0.093,0.083
14.18,0.073,0.083,0.083,0.083,0.088,0.088,0.093
14.199,0.073,0.078,0.083,0.088,0.093,0.093,0.093
14.219,0.073,0.078,0.088,0.083,0.093,0.093,0.093
14.238,0.068,0.088,0.083,0.093,0.093,0.088,0.088
14.258,0.078,0.078,0.083,0.088,0.088,0.083,0.093
14.277,0.073,0.078,0.083,0.088,0.073,0.093,0.088
14.297,0.073,0.078,0.088,0.078,0.093,0.093,0.098
14.316,0.068,0.083,0.078,0.088,0.088,0.103,0.098
14.336,0.073,0.078,0.083,0.083,0.088,0.088,0.093
14.355,0.068,0.078,0.078,0.093,0.083,0.093,0.093
14.375,0.078,0.073,0.083,0.083,0.083,0.078,0.088
14.395,0.068,0.078,0.083,0.093,0.088,0.103,0.088
14.414,0.073,0.073,0.093,0.078,0.093,0.088,0.098
14.434,0.063,0.083,0.083,0.098,0.093,0.098,0.093
14.453,0.083,0.083,0.083,0.083,0.088,0.088,0.088
14.473,0.068,0.078,0.073,0.093,0.083,0.093,0.083
14.492,0.078,0.073,0.093,0.083,0.088,0.083,0.093
14.512,0.068,0.083,0.088,0.093,0.083,0.103,0.088
14.531,0.073,0.073,0.093,0.078,0.098,0.093,0.098
14.551,0.063,0.093,0.083,0.093,0.088,0.093,0.088
14.57,0.083,0.073,0.083,0.088,0.093,0.088,0.093
14.59,0.073,0.083,0.078,0.093,0.083,0.093,0.083
14.609,0.073,0.073,0.093,0.088,0.098,0.083,0.103
14.629,0.068,0.093,0.083,0.088,0.083,0.093,0.088
14.648,0.073,0.073,0.088,0.083,0.098,0.088,0.093
14.668,0.068,0.088,0.078,0.088,0.083,0.093,0.088
14.687,0.073,0.073,0.088,0.088,0.093,0.103,0.093
14.707,0.073,0.078,0.083,0.088,0.088,0.088,0.088
14.727,0.073,0.073,0.093,0.103,0.098,0.088,0.098
14.746,0.073,0.088,0.083,0.083,0.083,0.088,0.088
14.766,0.073,0.078,0.088,0.088,0.093,0.093,0.088
14.785,0.073,0.083,0.083,0.088,0.088,0.088,0.093
14.805,0.068,0.078,0.078,0.088,0.093,0.088,0.093
14.824,0.078,0.078,0.083,0.083,0.088,0.083,0.088
14.844,0.068,0.078,0.078,0.083,0.088,0.088,0.083
14.863,0.068,0.068,0.088,0.083,0.088,0.088,0.098
14.883,0.068,0.083,0.083,0.083,0.093,0.103,0.093
14.902,0.073,0.078,0.083,0.088,0.107,0.093,0.093
14.922,0.073,0.078,0.083,0.093,0.088,0.088,0.088
14.941,0.078,0.073,0.083,0.088,0.088,0.083,0.093
14.961,0.073,0.078,0.083,0.088,0.093,0.093,0.093
14.98,0.068,0.078,0.093,0.078,0.088,0.088,0.098
15,0.063,0.083,0.088,0.098,0.093,0.098,0.093
15.02,0.073,0.083,0.078,0.088,0.088,0.093,0.093
15.039,0.068,0.088,0.073,0.093,0.083,0.093,0.083
15.059,0.078,0.073,0.088,0.083,0.088,0.083,0.093
15.078,0.068,0.078,0.083,0.088,0.093,0.103,0.093
15.098,0.073,0.078,0.093,0.083,0.093,0.088,0.098
15.117,0.059,0.088,0.083,0.093,0.083,0.098,0.088
15.137,0.083,0.078,0.088,0.083,0.093,0.088,0.093
15.156,0.068,0.088,0.073,0.093,0.078,0.098,0.083
15.176,0.078,0.073,0.093,0.083,0.098,0.083,0.098
15.195,0.068,0.088,0.078,0.088,0.083,0.098,0.088
15.215,0.073,0.078,0.098,0.088,0.098,0.093,0.103
15.234,0.063,0.083,0.078,0.093,0.088,0.093,0.083
15.254,0.083,0.073,0.083,0.083,0.088,0.093,0.093
15.273,0.068,0.083,0.078,0.088,0.083,0.088,0.088
15.293,0.078,0.073,0.093,0.088,0.098,0.088,0.103
15.312,0.073,0.083,0.083,0.088,0.088,0.083,0.088
15.332,0.073,0.078,0.088,0.088,0.098,0.093,0.098
15.352,0.063,0.083,0.083,0.073,0.083,0.093,0.088
15.371,0.073,0.078,0.083,0.088,0.093,0.088,0.093
15.391,0.073,0.083,0.078,0.088,0.088,0.088,0.093
15.41,0.073,0.078,0.088,0.083,0.098,0.088,0.093
15.43,0.083,0.073,0.083,0.083,0.088,0.093,0.088
15.449,0.073,0.083,0.083,0.088,0.093,0.093,0.093
15.469,0.068,0.083,0.093,0.088,0.093,0.093,0.098
15.488,0.068,0.078,0.078,0.093,0.088,0.093,0.093
15.508,0.073,0.073,0.083,0.093,0.088,0.088,0.093
15.527,0.073,0.083,0.083,0.088,0.073,0.088,0.078
15.547,0.073,0.073,0.093,0.078,0.088,0.093,0.098
15.566,0.068,0.078,0.088,0.088,0.088,0.098,0.093
15.586,0.068,0.083,0.083,0.088,0.088,0.088,0.088
15.605,0.068,0.078,0.073,0.093,0.083,0.093,0.088
15.625,0.078,0.073,0.083,0.083,0.088,0.083,0.083
15.645,0.068,0.083,0.083,0.088,0.088,0.098,0.088
15.664,0.073,0.078,0.093,0.083,0.093,0.088,0.098
15.684,0.063,0.088,0.083,0.098,0.088,0.098,0.093
15.703,0.073,0.078,0.083,0.083,0.093,0.083,0.093
15.723,0.068,0.083,0.073,0.093,0.083,0.093,0.083
15.742,0.078,0.073,0.088,0.078,0.088,0.088,0.093
15.762,0.068,0.093,0.078,0.093,0.088,0.098,0.093
15.781,0.073,0.078,0.088,0.083,0.098,0.088,0.103
15.801,0.068,0.083,0.078,0.098,0.088,0.093,0.093
15.82,0.083,0.078,0.088,0.083,0.093,0.088,0.093
15.84,0.068,0.083,0.073,0.093,0.078,0.093,0.088
15.859,0.078,0.073,0.093,0.088,0.098,0.088,0.098
15.879,0.068,0.088,0.083,0.093,0.088,0.093,0.088
15.898,0.073,0.073,0.088,0.088,0.098,0.088,0.098
15.918,0.068,0.083,0.078,0.083,0.083,0.093,0.083
15.937,0.078,0.083,0.088,0.088,0.093,0.098,0.093
15.957,0.063,0.078,0.078,0.088,0.088,0.093,0.083
15.977,0.073,0.078,0.088,0.083,0.098,0.093,0.098
15.996,0.073,0.078,0.083,0.083,0.083,0.088,0.088
16.016,0.073,0.083,0.088,0.088,0.093,0.093,0.098
16.035,0.068,0.078,0.083,0.088,0.088,0.093,0.093
16.055,0.068,0.098,0.083,0.093,0.093,0.088,0.093
16.074,0.073,0.073,0.083,0.088,0.088,0.088,0.093
16.094,0.068,0.083,0.073,0.088,0.088,0.093,0.093
16.113,0.088,0.078,0.088,0.083,0.088,0.088,0.088
16.133,0.068,0.083,0.083,0.088,0.093,0.093,0.093
16.152,0.068,0.078,0.083,0.083,0.107,0.093,0.103
16.172,0.068,0.078,0.078,0.098,0.088,0.088,0.088
16.191,0.078,0.073,0.083,0.088,0.088,0.083,0.093
16.211,0.073,0.078,0.083,0.088,0.088,0.093,0.098
16.23,0.073,0.078,0.093,0.078,0.093,0.088,0.098
16.25,0.068,0.088,0.088,0.093,0.093,0.093,0.088
16.27,0.073,0.078,0.083,0.088,0.088,0.093,0.088
16.289,0.068,0.078,0.078,0.098,0.078,0.093,0.088
16.309,0.083,0.073,0.088,0.083,0.088,0.083,0.093
16.328,0.073,0.083,0.078,0.088,0.088,0.103,0.093
16.348,0.073,0.078,0.093,0.083,0.098,0.088,0.098
16.367,0.063,0.083,0.083,0.098,0.088,0.093,0.093
16.387,0.073,0.068,0.088,0.083,0.093,0.088,0.093
16.406,0.068,0.078,0.073,0.093,0.083,0.093,0.083
16.426,0.078,0.073,0.093,0.088,0.093,0.088,0.098
16.445,0.063,0.088,0.078,0.088,0.093,0.103,0.088
16.465,0.068,0.073,0.088,0.088,0.093,0.093,0.098
16.484,0.063,0.088,0.078,0.088,0.088,0.093,0.088
16.504,0.078,0.078,0.083,0.088,0.093,0.093,0.093
16.523,0.073,0.078,0.078,0.088,0.083,0.093,0.083
16.543,0.078,0.078,0.093,0.098,0.098,0.088,0.098
16.562,0.073,0.083,0.083,0.083,0.088,0.088,0.093
16.582,0.073,0.078,0.088,0.088,0.093,0.093,0.098
16.602,0.068,0.083,0.083,0.088,0.083,0.088,0.088
16.621,0.078,0.088,0.083,0.093,0.093,0.088,0.093
16.641,0.068,0.073,0.083,0.088,0.088,0.083,0.088
16.66,0.073,0.078,0.083,0.088,0.093,0.093,0.103
16.68,0.073,0.078,0.088,0.078,0.088,0.088,0.088
16.699,0.068,0.078,0.083,0.083,0.093,0.098,0.098
16.719,0.068,0.083,0.098,0.088,0.088,0.093,0.093
16.738,0.063,0.078,0.078,0.093,0.088,0.088,0.093
16.758,0.068,0.073,0.083,0.088,0.088,0.083,0.088
16.777,0.073,0.078,0.083,0.088,0.078,0.093,0.093
16.797,0.073,0.078,0.088,0.078,0.098,0.088,0.093
16.816,0.063,0.088,0.088,0.093,0.088,0.098,0.093
16.836,0.068,0.078,0.083,0.083,0.088,0.093,0.103
16.855,0.068,0.078,0.078,0.093,0.088,0.093,0.088
16.875,0.073,0.068,0.083,0.083,0.093,0.083,0.093
16.895,0.073,0.083,0.083,0.093,0.088,0.098,0.093
16.914,0.073,0.078,0.088,0.078,0.098,0.088,0.098
16.934,0.063,0.088,0.083,0.098,0.093,0.103,0.093
16.953,0.068,0.078,0.088,0.083,0.088,0.093,0.088
16.973,0.073,0.083,0.073,0.093,0.078,0.093,0.088
16.992,0.078,0.073,0.088,0.083,0.088,0.083,0.093
17.012,0.068,0.093,0.083,0.093,0.083,0.103,0.093
17.031,0.073,0.078,0.093,0.083,0.098,0.088,0.103
17.051,0.063,0.083,0.078,0.088,0.093,0.098,0.093
17.07,0.078,0.078,0.083,0.088,0.093,0.093,0.093
17.09,0.068,0.083,0.078,0.088,0.083,0.093,0.083
17.109,0.078,0.073,0.098,0.093,0.098,0.083,0.093
17.129,0.068,0.083,0.078,0.088,0.088,0.093,0.088
17.148,0.073,0.078,0.088,0.088,0.098,0.088,0.103
17.168,0.063,0.083,0.083,0.073,0.083,0.093,0.088
17.187,0.078,0.088,0.083,0.088,0.093,0.098,0.088
17.207,0.068,0.083,0.078,0.088,0.088,0.088,0.083
17.227,0.078,0.078,0.093,0.088,0.098,0.093,0.103
17.246,0.068,0.073,0.083,0.088,0.083,0.083,0.088
17.266,0.073,0.083,0.088,0.088,0.098,0.093,0.098
17.285,0.068,0.078,0.088,0.083,0.088,0.093,0.093
17.305,0.073,0.083,0.083,0.098,0.088,0.093,0.093
17.324,0.068,0.073,0.083,0.088,0.088,0.083,0.083
17.344,0.073,0.073,0.073,0.088,0.093,0.088,0.103
17.363,0.073,0.073,0.093,0.083,0.088,0.093,0.088
17.383,0.068,0.083,0.088,0.088,0.093,0.098,0.093
17.402,0.073,0.078,0.083,0.083,0.103,0.093,0.093
17.422,0.063,0.088,0.078,0.098,0.088,0.098,0.093
17.441,0.073,0.073,0.078,0.083,0.093,0.083,0.088
17.461,0.073,0.078,0.083,0.093,0.093,0.088,0.088
17.48,0.068,0.073,0.093,0.078,0.093,0.088,0.093
17.5,0.063,0.088,0.088,0.103,0.088,0.098,0.093
17.52,0.073,0.078,0.083,0.083,0.088,0.088,0.107
17.539,0.068,0.083,0.073,0.093,0.083,0.093,0.088
17.559,0.073,0.073,0.083,0.083,0.083,0.083,0.093
17.578,0.073,0.088,0.083,0.093,0.088,0.098,0.093
17.598,0.073,0.073,0.093,0.088,0.098,0.093,0.093
17.617,0.063,0.083,0.083,0.098,0.093,0.098,0.098
17.637,0.073,0.073,0.083,0.088,0.093,0.083,0.093
17.656,0.073,0.083,0.078,0.093,0.083,0.093,0.088
17.676,0.078,0.073,0.093,0.088,0.093,0.088,0.088
17.695,0.068,0.083,0.078,0.088,0.083,0.098,0.093
17.715,0.073,0.078,0.093,0.088,0.093,0.088,0.098
17.734,0.063,0.083,0.078,0.088,0.083,0.098,0.093
17.754,0.078,0.078,0.088,0.088,0.093,0.093,0.098
17.773,0.068,0.083,0.083,0.088,0.083,0.093,0.083
17.793,0.078,0.078,0.088,0.083,0.093,0.093,0.098
17.812,0.068,0.073,0.083,0.083,0.083,0.093,0.093
17.832,0.073,0.083,0.088,0.088,0.098,0.088,0.098
17.852,0.068,0.078,0.083,0.088,0.083,0.098,0.093
17.871,0.083,0.078,0.083,0.093,0.093,0.107,0.093
17.891,0.073,0.078,0.083,0.088,0.088,0.088,0.083
17.91,0.073,0.078,0.078,0.088,0.093,0.093,0.103
17.93,0.068,0.078,0.083,0.083,0.088,0.083,0.083
17.949,0.073,0.083,0.083,0.088,0.093,0.098,0.098
17.969,0.068,0.083,0.083,0.088,0.093,0.093,0.093
17.988,0.078,0.078,0.078,0.093,0.093,0.088,0.093
18.008,0.073,0.068,0.083,0.083,0.093,0.083,0.088
18.027,0.073,0.078,0.083,0.088,0.083,0.088,0.098
18.047,0.073,0.078,0.088,0.078,0.088,0.083,0.088
18.066,0.068,0.088,0.088,0.098,0.093,0.098,0.093
18.086,0.068,0.078,0.088,0.088,0.088,0.093,0.093
18.105,0.059,0.078,0.073,0.093,0.088,0.093,0.088
18.125,0.073,0.073,0.083,0.083,0.088,0.083,0.093
18.145,0.068,0.093,0.083,0.088,0.083,0.098,0.088
18.164,0.068,0.073,0.093,0.083,0.093,0.088,0.088
18.184,0.068,0.083,0.083,0.093,0.093,0.098,0.093
18.203,0.073,0.073,0.088,0.088,0.088,0.088,0.093
18.223,0.068,0.078,0.073,0.093,0.083,0.093,0.088
18.242,0.078,0.073,0.093,0.083,0.093,0.083,0.093
18.262,0.073,0.088,0.083,0.088,0.088,0.103,0.093
18.281,0.068,0.073,0.088,0.088,0.098,0.088,0.098
18.301,0.063,0.083,0.078,0.093,0.088,0.093,0.093
18.32,0.073,0.078,0.088,0.088,0.088,0.088,0.093
18.34,0.073,0.078,0.073,0.088,0.083,0.093,0.083
18.359,0.083,0.073,0.093,0.103,0.098,0.088,0.093
18.379,0.073,0.078,0.083,0.083,0.083,0.098,0.093
18.398,0.073,0.078,0.088,0.088,0.098,0.093,0.098
18.418,0.063,0.078,0.078,0.088,0.083,0.093,0.088
18.437,0.078,0.078,0.088,0.093,0.088,0.093,0.093
18.457,0.068,0.073,0.078,0.083,0.083,0.093,0.083
18.477,0.078,0.078,0.088,0.088,0.098,0.088,0.098
18.496,0.068,0.078,0.083,0.083,0.088,0.078,0.093
18.516,0.073,0.088,0.088,0.083,0.093,0.093,0.098
18.535,0.068,0.083,0.093,0.088,0.083,0.088,0.088
18.555,0.083,0.078,0.083,0.098,0.093,0.088,0.093
18.574,0.063,0.073,0.083,0.083,0.088,0.088,0.083
18.594,0.073,0.078,0.083,0.088,0.093,0.088,0.103
18.613,0.068,0.078,0.088,0.078,0.088,0.088,0.093
18.633,0.073,0.088,0.088,0.093,0.088,0.093,0.093
18.652,0.068,0.078,0.083,0.088,0.093,0.093,0.088
18.672,0.073,0.078,0.078,0.098,0.088,0.093,0.093
18.691,0.068,0.068,0.083,0.078,0.093,0.088,0.088
18.711,0.073,0.088,0.083,0.088,0.088,0.088,0.098
18.73,0.078,0.078,0.093,0.083,0.093,0.088,0.088
18.75,0.068,0.088,0.083,0.098,0.088,0.098,0.093
18.77,0.068,0.073,0.083,0.088,0.088,0.088,0.093
18.789,0.068,0.078,0.078,0.093,0.083,0.088,0.093
18.809,0.073,0.073,0.088,0.083,0.088,0.083,0.083
18.828,0.068,0.088,0.083,0.088,0.088,0.098,0.088
18.848,0.073,0.073,0.093,0.083,0.093,0.088,0.093
18.867,0.063,0.083,0.083,0.093,0.088,0.098,0.088
18.887,0.068,0.073,0.083,0.088,0.088,0.088,0.088
18.906,0.068,0.083,0.078,0.093,0.083,0.093,0.088
18.926,0.078,0.073,0.093,0.088,0.093,0.083,0.093
18.945,0.068,0.083,0.078,0.083,0.088,0.098,0.088
18.965,0.068,0.083,0.093,0.083,0.103,0.088,0.098
18.984,0.068,0.083,0.078,0.068,0.088,0.098,0.098
19.004,0.073,0.093,0.088,0.093,0.093,0.093,0.093
19.023,0.068,0.073,0.083,0.093,0.083,0.093,0.083
19.043,0.078,0.078,0.088,0.088,0.103,0.088,0.093
19.062,0.063,0.078,0.083,0.083,0.093,0.093,0.088
19.082,0.073,0.083,0.088,0.083,0.093,0.093,0.103
19.102,0.063,0.083,0.083,0.083,0.083,0.093,0.093
19.121,0.083,0.078,0.083,0.093,0.093,0.107,0.093
19.141,0.063,0.073,0.083,0.093,0.088,0.093,0.078
19.16,0.078,0.078,0.078,0.088,0.093,0.088,0.098
19.18,0.068,0.078,0.083,0.078,0.088,0.088,0.088
19.199,0.073,0.088,0.083,0.093,0.093,0.098,0.098
19.219,0.068,0.083,0.083,0.083,0.088,0.093,0.088
19.238,0.078,0.078,0.088,0.103,0.088,0.093,0.088
19.258,0.068,0.073,0.088,0.088,0.093,0.088,0.088
19.277,0.073,0.088,0.088,0.088,0.088,0.088,0.098
19.297,0.078,0.078,0.083,0.083,0.093,0.093,0.088
19.316,0.073,0.083,0.088,0.098,0.093,0.098,0.103
19.336,0.068,0.073,0.088,0.083,0.088,0.088,0.088
19.355,0.068,0.083,0.078,0.093,0.088,0.088,0.093
19.375,0.073,0.073,0.083,0.083,0.088,0.083,0.088
19.395,0.073,0.088,0.083,0.088,0.088,0.093,0.098
19.414,0.083,0.078,0.093,0.078,0.098,0.088,0.093
19.434,0.068,0.083,0.078,0.093,0.098,0.103,0.098
19.453,0.073,0.078,0.083,0.088,0.093,0.088,0.093
19.473,0.068,0.083,0.073,0.093,0.083,0.098,0.093
19.492,0.078,0.078,0.093,0.088,0.088,0.088,0.093
19.512,0.073,0.083,0.083,0.083,0.088,0.098,0.083
19.531,0.073,0.078,0.088,0.088,0.098,0.088,0.093
19.551,0.063,0.078,0.078,0.083,0.088,0.093,0.093
19.57,0.068,0.088,0.083,0.088,0.088,0.088,0.088
19.59,0.068,0.073,0.078,0.093,0.073,0.093,0.083
19.609,0.078,0.083,0.093,0.088,0.093,0.088,0.088
19.629,0.068,0.078,0.083,0.083,0.088,0.098,0.088
19.648,0.068,0.078,0.088,0.088,0.103,0.093,0.098
19.668,0.063,0.078,0.078,0.088,0.083,0.093,0.093
19.687,0.078,0.083,0.083,0.093,0.093,0.088,0.088
19.707,0.073,0.078,0.078,0.093,0.083,0.093,0.083
19.727,0.078,0.078,0.088,0.088,0.098,0.093,0.088
19.746,0.063,0.083,0.088,0.078,0.083,0.078,0.088
19.766,0.073,0.088,0.088,0.083,0.093,0.088,0.098
19.785,0.063,0.078,0.093,0.083,0.088,0.093,0.088
19.805,0.083,0.083,0.083,0.098,0.088,0.088,0.093
19.824,0.063,0.073,0.083,0.083,0.088,0.088,0.078
19.844,0.078,0.083,0.083,0.093,0.093,0.093,0.093
19.863,0.068,0.078,0.088,0.078,0.088,0.088,0.088
19.883,0.073,0.093,0.083,0.093,0.093,0.093,0.098
19.902,0.068,0.073,0.083,0.083,0.098,0.093,0.083
19.922,0.073,0.083,0.083,0.093,0.083,0.093,0.093
19.941,0.068,0.073,0.083,0.083,0.083,0.083,0.083
19.961,0.073,0.088,0.083,0.093,0.078,0.093,0.098
19.98,0.073,0.073,0.093,0.083,0.093,0.088,0.093
